AA,NS,A3,C2
A:A,1640,25,17
A:R,5148,10,29
A:N,2101,10,5
A:D,665,6,6
A:C,1394,19,12
A:Q,1018,6,8
A:E,2814,10,13
A:G,9017,1348,1339
A:H,442,2,2
A:I,4489,12,23
A:L,7269,24,48
A:K,1997,12,8
A:M,2838,8,10
A:F,3337,19,14
A:P,1096,2,9
A:S,3481,16,12
A:T,5017,19,25
A:W,3524,22,13
A:Y,1532,9,10
A:V,6260,25,33
R:A,6733,35,53
R:R,10615,32,30
R:N,1910,7,3
R:D,3266,5,15
R:C,2487,12,24
R:Q,1536,6,6
R:E,2056,11,9
R:G,5931,266,621
R:H,3261,13,13
R:I,3215,11,13
R:L,4968,18,32
R:K,4529,12,6
R:M,718,7,5
R:F,5991,22,25
R:P,2105,20,8
R:S,9582,27,49
R:T,3260,11,9
R:W,2893,6,13
R:Y,202,7,8
R:V,9321,33,38
N:A,4084,22,15
N:R,605,7,11
N:N,274,2,3
N:D,14,1,4
N:C,651,5,6
N:Q,745,4,3
N:E,737,1,5
N:G,1172,861,547
N:H,37,1,3
N:I,2200,8,10
N:L,3657,18,8
N:K,6,1,2
N:M,872,8,5
N:F,5032,12,13
N:P,592,9,7
N:S,2329,19,9
N:T,741,4,8
N:W,1108,7,14
N:Y,555,5,1
N:V,2920,6,8
D:A,1617,7,16
D:R,1510,8,5
D:N,456,1,5
D:D,761,4,9
D:C,2835,7,7
D:Q,973,2,6
D:E,1206,5,4
D:G,3899,28,19
D:H,1009,1,2
D:I,1140,6,5
D:L,6950,13,23
D:K,896,4,5
D:M,2115,8,8
D:F,1585,12,13
D:P,3788,6,13
D:S,2873,12,10
D:T,2947,5,15
D:W,1447,6,8
D:Y,1487,5,11
D:V,2413,7,13
C:A,3157,9,16
C:R,4265,11,18
C:N,1096,6,7
C:D,2932,6,8
C:C,3297,11,16
C:Q,485,2,5
C:E,2484,10,12
C:G,7850,41,58
C:H,696,5,2
C:I,2009,12,11
C:L,3715,18,25
C:K,2081,5,1
C:M,894,3,10
C:F,2784,14,9
C:P,1545,7,7
C:S,8978,21,29
C:T,1644,4,8
C:W,6954,21,27
C:Y,271,4,11
C:V,4054,14,18
Q:A,1320,5,11
Q:R,650,5,6
Q:N,5,1,2
Q:D,1861,3,9
Q:C,3056,11,10
Q:Q,399,1,6
Q:E,724,3,3
Q:G,2535,24,18
Q:H,250,1,1
Q:I,2888,10,5
Q:L,4528,16,20
Q:K,4686,5,14
Q:M,6,3,4
Q:F,1807,5,7
Q:P,551,3,3
Q:S,2290,13,11
Q:T,415,2,3
Q:W,1090,9,4
Q:Y,7,2,2
Q:V,1025,10,6
E:A,3413,6,20
E:R,914,5,5
E:N,493,1,3
E:D,219,6,2
E:C,1129,6,9
E:Q,19,1,2
E:E,2697,5,5
E:G,4391,29,42
E:H,771,10,4
E:I,741,3,2
E:L,3940,4,11
E:K,369,2,2
E:M,1478,4,3
E:F,2908,11,13
E:P,1071,5,6
E:S,1144,5,5
E:T,1879,4,9
E:W,219,3,2
E:Y,884,6,3
E:V,1277,9,12
G:A,6073,14,29
G:R,9602,35,33
G:N,1894,2,11
G:D,4502,13,21
G:C,4919,19,20
G:Q,2387,10,12
G:E,7124,15,18
G:G,12492,133,147
G:H,4689,17,9
G:I,4250,14,8
G:L,10382,23,34
G:K,611,4,7
G:M,3312,7,16
G:F,2773,20,14
G:P,4580,15,22
G:S,2211,30,16
G:T,3838,11,18
G:W,3106,5,5
G:Y,1779,10,10
G:V,15804,45,59
H:A,2205,8,12
H:R,3534,18,24
H:N,772,2,5
H:D,307,4,1
H:C,1446,3,4
H:Q,2,2,3
H:E,350,1,1
H:G,2932,24,46
H:H,1561,3,5
H:I,1265,6,5
H:L,495,7,8
H:K,10,5,1
H:M,1391,7,2
H:F,1037,6,10
H:P,319,3,5
H:S,2210,5,15
H:T,1925,2,9
H:W,373,3,2
H:Y,1270,6,8
H:V,1921,9,14
I:A,302,14,8
I:R,2504,12,8
I:N,502,3,6
I:D,687,4,7
I:C,1650,12,17
I:Q,760,1,4
I:E,2058,6,5
I:G,5018,558,360
I:H,1118,4,6
I:I,3510,10,13
I:L,5859,19,22
I:K,693,8,2
I:M,1137,7,9
I:F,1476,5,7
I:P,2822,5,9
I:S,1985,6,13
I:T,2393,10,12
I:W,709,6,6
I:Y,13,3,5
I:V,3541,23,18
L:A,6437,26,26
L:R,6746,35,30
L:N,2211,8,6
L:D,3800,10,17
L:C,14346,32,46
L:Q,4692,19,22
L:E,4276,15,20
L:G,15075,101,130
L:H,1573,6,8
L:I,4562,24,14
L:L,7447,29,36
L:K,1435,11,8
L:M,4133,15,9
L:F,7223,27,35
L:P,3413,8,15
L:S,12690,42,54
L:T,4229,19,28
L:W,3161,8,19
L:Y,2047,7,14
L:V,12323,46,34
K:A,2302,5,10
K:R,880,5,11
K:N,1022,5,3
K:D,1005,3,6
K:C,792,4,9
K:Q,527,6,3
K:E,736,4,3
K:G,2072,263,563
K:H,186,3,1
K:I,1152,3,5
K:L,3429,10,18
K:K,39,1,2
K:M,371,5,2
K:F,1327,2,5
K:P,397,3,3
K:S,744,5,6
K:T,125,1,5
K:W,1574,12,7
K:Y,135,1,2
K:V,2575,11,13
M:A,4343,13,21
M:R,2637,10,11
M:N,1180,5,6
M:D,13,3,1
M:C,1275,9,7
M:Q,388,4,2
M:E,1161,4,8
M:G,5583,178,442
M:H,603,2,5
M:I,1727,6,9
M:L,3918,14,18
M:K,190,3,7
M:M,187,3,5
M:F,3875,16,29
M:P,1092,3,3
M:S,4072,13,13
M:T,14,6,5
M:W,559,2,11
M:Y,3880,12,6
M:V,3701,14,10
F:A,4439,13,12
F:R,4935,25,35
F:N,2458,8,11
F:D,3308,11,12
F:C,6610,20,15
F:Q,127,6,5
F:E,1973,4,5
F:G,5559,41,56
F:H,446,3,3
F:I,1449,7,10
F:L,5204,22,23
F:K,4876,12,15
F:M,1647,7,7
F:F,1911,4,4
F:P,4156,8,7
F:S,4069,17,18
F:T,1983,7,16
F:W,2331,13,8
F:Y,599,8,4
F:V,5387,23,22
P:A,2535,16,14
P:R,1819,15,16
P:N,8,5,6
P:D,1245,7,6
P:C,498,5,8
P:Q,202,3,1
P:E,1320,3,5
P:G,3598,738,686
P:H,1310,5,8
P:I,756,5,6
P:L,3705,6,16
P:K,6,4,6
P:M,1405,6,5
P:F,1766,4,6
P:P,2085,5,6
P:S,2703,15,19
P:T,709,3,2
P:W,792,4,7
P:Y,2025,6,12
P:V,7540,15,30
S:A,4420,108,123
S:R,7608,26,55
S:N,503,8,8
S:D,1552,18,12
S:C,8491,33,28
S:Q,3040,10,11
S:E,2885,9,14
S:G,16608,1791,1816
S:H,1638,11,6
S:I,2817,12,16
S:L,9620,33,46
S:K,5519,13,12
S:M,2529,9,9
S:F,2691,16,17
S:P,3030,8,14
S:S,5639,28,42
S:T,2757,9,19
S:W,6272,19,22
S:Y,3305,10,10
S:V,5893,34,47
T:A,4837,16644,787
T:R,1786,501,648
T:N,213,14,24
T:D,830,268,115
T:C,2798,562,245
T:Q,901,8,10
T:E,480,228,356
T:G,18813,1591891,1369008
T:H,1439,12,18
T:I,823,16,13
T:L,6385,50,51
T:K,18,10,22
T:M,1111,11,13
T:F,1093,22,25
T:P,1751,20,24
T:S,8181,329,180
T:T,1461,19,30
T:W,2586,344,586
T:Y,1160,8,12
T:V,3277,1048,914
W:A,1843,6,8
W:R,2115,14,7
W:N,786,2,2
W:D,1429,8,11
W:C,1376,5,9
W:Q,130,1,2
W:E,407,1,4
W:G,4254,40,34
W:H,844,3,6
W:I,1577,12,4
W:L,4564,21,14
W:K,1070,4,3
W:M,1918,4,5
W:F,1686,8,20
W:P,1150,3,8
W:S,3165,13,24
W:T,2597,6,7
W:W,30,2,3
W:Y,859,6,4
W:V,2078,9,10
Y:A,4719,9,7
Y:R,1424,9,13
Y:N,1429,9,8
Y:D,406,2,6
Y:C,2924,7,20
Y:Q,6,2,2
Y:E,19,2,1
Y:G,2845,29,31
Y:H,1243,3,4
Y:I,1255,5,8
Y:L,3511,9,11
Y:K,281,1,4
Y:M,524,3,11
Y:F,2734,5,8
Y:P,2460,6,9
Y:S,5917,21,26
Y:T,1785,10,8
Y:W,1550,13,12
Y:Y,81,2,5
Y:V,5346,16,22
V:A,6957,20,26
V:R,4830,15,22
V:N,916,9,8
V:D,1792,5,7
V:C,6262,11,35
V:Q,1336,9,11
V:E,2753,14,12
V:G,13395,74,106
V:H,2191,8,15
V:I,5256,12,8
V:L,12482,32,49
V:K,2343,13,23
V:M,5082,11,16
V:F,6450,18,25
V:P,2882,16,8
V:S,8092,35,47
V:T,5510,20,28
V:W,5672,19,27
V:Y,4704,14,14
V:V,7557,23,36
